iteration,pop_best_eval,mean_eval,median_eval,best_eval,worst_eval,total_interaction_count,total_episode_count
1,51.782161712646484,7.794592380523682,9.087820053100586,51.782161712646484,-40.33675765991211,251000,251
2,60.229366302490234,5.131479263305664,3.2047932147979736,60.229366302490234,-60.84364318847656,402000,402
3,112.25203704833984,9.093180656433105,4.549057483673096,112.25203704833984,-102.1205062866211,553000,553
4,222.71826171875,12.575029373168945,4.536830425262451,222.71826171875,-102.1205062866211,704000,704
5,184.83987426757812,16.5794734954834,16.555147171020508,222.71826171875,-102.1205062866211,855000,855
6,183.41319274902344,28.481708526611328,16.949142456054688,222.71826171875,-102.1205062866211,1006000,1006
7,225.14077758789062,31.760141372680664,21.229337692260742,225.14077758789062,-145.79086303710938,1157000,1157
