iteration,pop_best_eval,mean_eval,median_eval,best_eval,worst_eval,total_interaction_count,total_episode_count,total_params
1,56.628570556640625,-530.9253540039062,-500.1239013671875,56.628570556640625,-4887.990234375,165641,2000,108
