iteration,pop_best_eval,mean_eval,median_eval,best_eval,worst_eval,total_interaction_count,total_episode_count,ensembled_reward,best_current_reward,pop_best_current_reward,ensembled_steps,best_current_steps,pop_best_current_steps,elapsed_time
1,-16.486513137817383,-251.87911987304688,-165.02883911132812,-16.486513137817383,-2948.514404296875,16419,200,0,0,0,0,0,0,29.34994149208069
2,21.747312545776367,-164.0440216064453,-148.0618133544922,21.747312545776367,-2948.514404296875,32863,400,0,0,0,0,0,0,4.3919525146484375
3,-3.898954153060913,-117.0052719116211,-122.16133117675781,21.747312545776367,-2948.514404296875,48193,600,0,-139.19455949382436,-138.77903508305388,0,75.2,75.2,4.974403381347656
4,27.781320571899414,-114.92857360839844,-125.17434692382812,27.781320571899414,-2948.514404296875,62624,800,0,-139.19455949382436,-139.19455949382436,0,75.2,75.2,35.18366742134094
