iteration,pop_best_eval,mean_eval,median_eval,best_eval,worst_eval,total_interaction_count,total_episode_count,ensembled_reward,best_current_reward,pop_best_current_reward,ensembled_steps,best_current_steps,pop_best_current_steps
1,19.382829666137695,-120.25569152832031,-125.72239685058594,19.382829666137695,-4586.52294921875,14984,200,0,0,0,0,0,0
2,49.545772552490234,-98.14877319335938,-117.07898712158203,49.545772552490234,-4586.52294921875,29084,400,0,0,0,0,0,0
3,48.123783111572266,-99.3528060913086,-111.44149017333984,49.545772552490234,-4586.52294921875,43005,600,0,0,0,0,0,0
4,30.70896339416504,-99.99322509765625,-114.72053527832031,49.545772552490234,-4586.52294921875,57107,800,0,0,0,0,0,0
5,10.334321022033691,-106.38748931884766,-115.70731353759766,49.545772552490234,-4586.52294921875,71097,1000,0,0,0,0,0,0
6,53.054229736328125,-104.69608306884766,-118.74263763427734,53.054229736328125,-4586.52294921875,85001,1200,0,0,0,0,0,0
7,42.226318359375,-100.85427856445312,-115.02085876464844,53.054229736328125,-4586.52294921875,98937,1400,0,0,0,0,0,0
