iteration,pop_best_eval,mean_eval,median_eval,best_eval,worst_eval,total_interaction_count,total_episode_count,total_params
1,-6.500439167022705,-459.8144836425781,-399.3487854003906,-6.500439167022705,-2155.015380859375,8843,100,108
2,26.485572814941406,-353.071533203125,-203.87295532226562,26.485572814941406,-2155.015380859375,16968,200,108
3,28.64651870727539,-311.2039794921875,-175.93234252929688,28.64651870727539,-2155.015380859375,25039,300,108
4,6.662979602813721,-336.6498718261719,-177.19326782226562,28.64651870727539,-2885.27392578125,33375,400,108
5,44.98722839355469,-207.70028686523438,-144.7742156982422,44.98722839355469,-2885.27392578125,41071,500,108
